{
    "train_loss": [
        2.195650384902954,
        1.9887090322494507,
        1.92086959400177,
        1.8714519306182862,
        1.7830544692993164,
        1.7141575061798096,
        1.6533880262374878,
        1.58926176071167,
        1.5222656335830689,
        1.4708372108459473,
        1.423376732635498,
        1.3678372654914857,
        1.3220912656784058,
        1.2844786750793458,
        1.2340888346672059,
        1.192756091117859,
        1.149859331226349,
        1.1053775609016419,
        1.0561903086662292,
        1.0034741827011109
    ],
    "val_loss": [
        2.0563036681740146,
        1.9319420589762888,
        1.9445976413738955,
        1.8488015748892621,
        1.780752191118374,
        1.721664500843947,
        1.6613567672717344,
        1.6270403710140544,
        1.5716817173988196,
        1.55568645258618,
        1.5371830797499153,
        1.4776598602343516,
        1.4774548604989508,
        1.4945543647571733,
        1.4866804962704896,
        1.48092890317273,
        1.4695143790761376,
        1.5011155916627046,
        1.5333834020954789,
        1.5640021828329487
    ],
    "metrics": {
        "test_accuracy": 0.5004,
        "test_precision": 0.4963965418453109,
        "test_recall": 0.5004,
        "test_fscore": 0.4947216045096012,
        "confusion_matrix": [
            [
                625,
                20,
                43,
                25,
                34,
                13,
                21,
                31,
                118,
                70
            ],
            [
                41,
                556,
                3,
                27,
                6,
                6,
                26,
                15,
                82,
                238
            ],
            [
                133,
                13,
                287,
                59,
                180,
                94,
                98,
                78,
                26,
                32
            ],
            [
                40,
                21,
                64,
                252,
                70,
                278,
                144,
                66,
                18,
                47
            ],
            [
                65,
                13,
                104,
                51,
                441,
                56,
                127,
                112,
                18,
                13
            ],
            [
                22,
                7,
                48,
                189,
                62,
                439,
                92,
                91,
                20,
                30
            ],
            [
                17,
                21,
                47,
                90,
                149,
                44,
                583,
                14,
                9,
                26
            ],
            [
                49,
                7,
                22,
                54,
                82,
                111,
                44,
                561,
                7,
                63
            ],
            [
                138,
                61,
                12,
                19,
                12,
                9,
                12,
                14,
                653,
                70
            ],
            [
                56,
                170,
                6,
                29,
                9,
                5,
                30,
                38,
                50,
                607
            ]
        ]
    },
    "time": [
        32.43217730522156,
        5.191082000732422,
        5.168889045715332,
        5.203127145767212,
        5.283710241317749,
        5.181605100631714,
        5.197664499282837,
        5.269402265548706,
        5.163487434387207,
        5.152984380722046,
        5.1842381954193115,
        5.25120997428894,
        5.1619040966033936,
        5.150428771972656,
        5.152376651763916,
        5.181691646575928,
        5.228477478027344,
        5.1676530838012695,
        5.147095203399658,
        5.144773721694946
    ]
}