{
    "train_loss": [
        2.2322374797821043,
        2.046179730606079,
        1.951044599723816,
        1.9037970417022705,
        1.8358329467773438,
        1.7355554859161377,
        1.6742058647155762,
        1.5985491588592529,
        1.5342821786880494,
        1.482360834121704,
        1.433508351135254,
        1.3905285203933715,
        1.349312649154663,
        1.3103490426063538,
        1.269705889606476,
        1.2322219957351686,
        1.1969067768096924,
        1.1598439512252807,
        1.1108682742118836,
        1.0718066438674927
    ],
    "val_loss": [
        2.1519379737270867,
        2.023206303074102,
        1.9326954199250337,
        1.880734503648843,
        1.7548629964233204,
        1.6875430694810905,
        1.6775150853357497,
        1.6218416265621307,
        1.563634565681409,
        1.4925523464846764,
        1.4661092963188318,
        1.4319941185082599,
        1.4155067418031633,
        1.415738174869756,
        1.4045350885694954,
        1.3785436297677884,
        1.3823354494799474,
        1.389699457557338,
        1.3855151336663847,
        1.4246901364842797
    ],
    "metrics": {
        "test_accuracy": 0.5147,
        "test_precision": 0.522660716988879,
        "test_recall": 0.5147,
        "test_fscore": 0.5124280125473148,
        "confusion_matrix": [
            [
                638,
                20,
                115,
                30,
                23,
                3,
                34,
                21,
                81,
                35
            ],
            [
                79,
                563,
                6,
                35,
                16,
                1,
                41,
                20,
                71,
                168
            ],
            [
                95,
                9,
                358,
                111,
                141,
                56,
                155,
                53,
                8,
                14
            ],
            [
                21,
                13,
                109,
                347,
                64,
                162,
                183,
                70,
                14,
                17
            ],
            [
                46,
                2,
                167,
                63,
                407,
                36,
                151,
                111,
                7,
                10
            ],
            [
                15,
                4,
                89,
                258,
                81,
                343,
                99,
                99,
                4,
                8
            ],
            [
                10,
                7,
                63,
                55,
                82,
                11,
                745,
                16,
                3,
                8
            ],
            [
                27,
                4,
                39,
                61,
                109,
                74,
                39,
                618,
                6,
                23
            ],
            [
                246,
                47,
                31,
                26,
                18,
                3,
                19,
                6,
                573,
                31
            ],
            [
                86,
                160,
                11,
                34,
                9,
                10,
                36,
                59,
                40,
                555
            ]
        ]
    },
    "time": [
        453.305287361145,
        509.53501296043396,
        534.0543313026428,
        522.3920152187347,
        518.0903196334839,
        537.263087272644,
        548.0938060283661,
        525.2196991443634,
        533.2738916873932,
        534.6389467716217,
        546.0062453746796,
        562.420494556427,
        574.5263311862946,
        538.9204578399658,
        522.4460763931274,
        515.5228488445282,
        521.4998755455017,
        522.1929488182068,
        529.3915622234344,
        603.2095186710358
    ]
}