{
    "train_loss": [
        1.7409209754943848,
        1.5177920129776001,
        1.4401072885513306,
        1.3923732648849487,
        1.3564409231185912,
        1.3260034918785095,
        1.2989093698501586,
        1.2731359865188598,
        1.2513857511520385,
        1.231542113018036,
        1.2115796362876892,
        1.194020122909546,
        1.1741209215164186,
        1.159336660003662,
        1.1413543949127196,
        1.1268136857032776,
        1.1121120448112487,
        1.0972759466171265,
        1.0838021964073181,
        1.070268532848358
    ],
    "val_loss": [
        1.5939737778560372,
        1.4912652771943693,
        1.4564779062939297,
        1.441449897304462,
        1.424697414325301,
        1.4420244708942,
        1.412404774860212,
        1.3943468157652836,
        1.391593662416859,
        1.398663616484138,
        1.4037511318352571,
        1.3747821180683792,
        1.3905164914525998,
        1.3674709265399132,
        1.3947547765294457,
        1.3698766497290058,
        1.3628542446027136,
        1.3713294533407612,
        1.3796266438854727,
        1.3619466116473933
    ],
    "metrics": {
        "test_accuracy": 0.513,
        "test_precision": 0.5071451076339808,
        "test_recall": 0.513,
        "test_fscore": 0.5064602496881776,
        "confusion_matrix": [
            [
                569,
                29,
                80,
                13,
                34,
                19,
                23,
                19,
                163,
                51
            ],
            [
                34,
                594,
                13,
                17,
                13,
                16,
                22,
                30,
                84,
                177
            ],
            [
                84,
                20,
                403,
                51,
                133,
                70,
                122,
                62,
                31,
                24
            ],
            [
                49,
                35,
                115,
                246,
                67,
                190,
                162,
                49,
                39,
                48
            ],
            [
                49,
                14,
                124,
                35,
                468,
                50,
                137,
                77,
                33,
                13
            ],
            [
                32,
                15,
                96,
                136,
                83,
                408,
                93,
                63,
                43,
                31
            ],
            [
                12,
                21,
                67,
                47,
                101,
                45,
                662,
                13,
                20,
                12
            ],
            [
                55,
                28,
                49,
                42,
                80,
                82,
                36,
                538,
                25,
                65
            ],
            [
                84,
                60,
                21,
                11,
                22,
                16,
                12,
                12,
                709,
                53
            ],
            [
                36,
                195,
                18,
                24,
                12,
                24,
                30,
                47,
                81,
                533
            ]
        ]
    },
    "time": [
        15.257259607315063,
        15.44577932357788,
        15.487917423248291,
        15.536200046539307,
        15.499913930892944,
        15.52501368522644,
        15.610273838043213,
        15.582106590270996,
        16.128050088882446,
        16.854594230651855,
        15.946934223175049,
        15.646160125732422,
        16.140064239501953,
        18.665804386138916,
        20.839065313339233,
        16.83306384086609,
        16.332839965820312,
        15.707000732421875,
        15.688366651535034,
        15.636707305908203
    ]
}