{
    "train_loss": [
        1.7446545900344848,
        1.5195283111572266,
        1.4426748502731324,
        1.3970605583190918,
        1.358873247909546,
        1.3298907340049744,
        1.3006744126319885,
        1.2775635209083558,
        1.2553934511184692,
        1.232167712020874,
        1.2147819321632385,
        1.194070048904419,
        1.1775231103897095,
        1.1602298922538756,
        1.142755996799469,
        1.1298540720939636,
        1.1114540872573853,
        1.0984061033248902,
        1.0864301694869996,
        1.0701125111579894
    ],
    "val_loss": [
        1.5890035667237203,
        1.507672437437021,
        1.493193301425618,
        1.4674136372888165,
        1.4303951551959773,
        1.4267205971821098,
        1.4280304263351828,
        1.4208185741096546,
        1.4005575202832556,
        1.3951680880443307,
        1.3908692059243561,
        1.3988840564800675,
        1.3893951314270117,
        1.3883943527367464,
        1.3865798271385728,
        1.3830040738840772,
        1.393500721378691,
        1.395300620680402,
        1.3870640803294576,
        1.3972432431142041
    ],
    "metrics": {
        "test_accuracy": 0.5026,
        "test_precision": 0.5126241582183662,
        "test_recall": 0.5026,
        "test_fscore": 0.5010967064685178,
        "confusion_matrix": [
            [
                551,
                15,
                50,
                20,
                72,
                41,
                19,
                24,
                168,
                40
            ],
            [
                34,
                516,
                15,
                35,
                26,
                48,
                24,
                35,
                92,
                175
            ],
            [
                77,
                10,
                346,
                60,
                198,
                119,
                91,
                59,
                23,
                17
            ],
            [
                26,
                15,
                71,
                235,
                103,
                325,
                116,
                44,
                33,
                32
            ],
            [
                31,
                6,
                104,
                33,
                532,
                87,
                101,
                63,
                27,
                16
            ],
            [
                18,
                9,
                66,
                117,
                107,
                522,
                66,
                54,
                24,
                17
            ],
            [
                5,
                14,
                61,
                61,
                150,
                103,
                564,
                17,
                16,
                9
            ],
            [
                30,
                11,
                36,
                52,
                122,
                122,
                25,
                523,
                17,
                62
            ],
            [
                87,
                26,
                14,
                15,
                33,
                51,
                10,
                16,
                695,
                53
            ],
            [
                37,
                133,
                15,
                39,
                28,
                53,
                18,
                52,
                83,
                542
            ]
        ]
    },
    "time": [
        1.6326465606689453,
        1.0232770442962646,
        1.0182952880859375,
        1.0221824645996094,
        1.0397145748138428,
        1.029991865158081,
        1.0366466045379639,
        1.045698881149292,
        1.0643465518951416,
        1.062088966369629,
        1.0821971893310547,
        1.0633487701416016,
        1.035705804824829,
        1.0408143997192383,
        1.0309584140777588,
        1.0267393589019775,
        1.0381879806518555,
        1.0306916236877441,
        1.0174407958984375,
        1.0186467170715332
    ]
}