{
    "train_loss": [
        1.7330164031982422,
        1.525328316116333,
        1.453065485572815,
        1.4052321788787843,
        1.367756166267395,
        1.3026801795005798,
        1.294828067111969,
        1.2905194105148314,
        1.2869442173957826,
        1.2830369331359863,
        1.2749642051696777,
        1.2743361172676086,
        1.2739118189811707,
        1.273548920059204,
        1.2731498849868774,
        1.2723323506355286,
        1.2722371233940124,
        1.272174098110199,
        1.2721299165725708,
        1.2720917269706726
    ],
    "val_loss": [
        1.5957004021687113,
        1.5465362208664037,
        1.5024054635102582,
        1.4712354582586107,
        1.4589768594996944,
        1.423256774616849,
        1.4221761667045059,
        1.4223206817724143,
        1.4180900352016377,
        1.4169573168845693,
        1.4157770317830858,
        1.415437384016195,
        1.415128956175154,
        1.4150822724506353,
        1.4148863918462378,
        1.414821762188225,
        1.4147967335524831,
        1.414787797411536,
        1.414776236388334,
        1.414777528708148
    ],
    "metrics": {
        "test_accuracy": 0.5071,
        "test_precision": 0.5026704327952746,
        "test_recall": 0.5071,
        "test_fscore": 0.5033392688300707,
        "confusion_matrix": [
            [
                559,
                38,
                59,
                15,
                32,
                20,
                23,
                35,
                165,
                54
            ],
            [
                38,
                584,
                14,
                30,
                15,
                21,
                22,
                42,
                71,
                163
            ],
            [
                71,
                26,
                379,
                74,
                134,
                78,
                126,
                68,
                29,
                15
            ],
            [
                38,
                34,
                83,
                322,
                62,
                164,
                145,
                60,
                35,
                57
            ],
            [
                41,
                16,
                134,
                58,
                431,
                52,
                137,
                85,
                31,
                15
            ],
            [
                26,
                18,
                78,
                186,
                78,
                386,
                84,
                81,
                32,
                31
            ],
            [
                7,
                19,
                65,
                67,
                111,
                42,
                637,
                24,
                16,
                12
            ],
            [
                37,
                27,
                55,
                65,
                75,
                71,
                40,
                549,
                21,
                60
            ],
            [
                95,
                64,
                15,
                21,
                22,
                21,
                14,
                21,
                669,
                58
            ],
            [
                41,
                171,
                14,
                30,
                12,
                24,
                36,
                50,
                67,
                555
            ]
        ]
    },
    "time": [
        16.169036626815796,
        15.95145869255066,
        16.284579753875732,
        16.407124996185303,
        16.129091501235962,
        16.946662425994873,
        16.32542371749878,
        16.730363845825195,
        16.745301961898804,
        16.83044743537903,
        16.27953052520752,
        16.31055974960327,
        16.058701753616333,
        16.260836124420166,
        16.31928014755249,
        16.75918459892273,
        16.83509397506714,
        16.423521280288696,
        16.632763385772705,
        16.498677253723145
    ]
}