{
    "train_loss": [
        2.298832598114014,
        2.2357916645050047,
        2.1186546459197997,
        2.008941721725464,
        1.9321438262939452,
        1.874314260673523,
        1.8266550338745118,
        1.7838710916519165,
        1.7415657804489135,
        1.6986292974472046,
        1.6595066194534303,
        1.6198006330490113,
        1.5778101572036742,
        1.5389290229797363,
        1.5031812425613402,
        1.4646489406585694,
        1.431254483795166,
        1.3955206553459167,
        1.358683423614502,
        1.3304792302131654
    ],
    "val_loss": [
        2.2861984520201473,
        2.184600853616265,
        2.0722760911200457,
        1.9645564996512832,
        1.9227092995005808,
        1.8746175796363005,
        1.8523129384229138,
        1.8180641209243968,
        1.794770434403875,
        1.7561542403166461,
        1.7561613025179335,
        1.7607488047545123,
        1.7279339413733998,
        1.7112845076117547,
        1.722755096520588,
        1.7266185594971772,
        1.7141732926581317,
        1.732846203123688,
        1.7411555552938183,
        1.746058416974013
    ],
    "metrics": {
        "test_accuracy": 0.3946,
        "test_precision": 0.3965785772545454,
        "test_recall": 0.3946,
        "test_fscore": 0.39339060417390864,
        "confusion_matrix": [
            [
                485,
                48,
                79,
                38,
                43,
                25,
                24,
                36,
                154,
                68
            ],
            [
                44,
                441,
                26,
                62,
                9,
                33,
                52,
                31,
                72,
                230
            ],
            [
                109,
                28,
                310,
                101,
                112,
                68,
                147,
                73,
                26,
                26
            ],
            [
                47,
                44,
                148,
                271,
                38,
                176,
                124,
                71,
                28,
                53
            ],
            [
                51,
                26,
                203,
                83,
                250,
                39,
                180,
                119,
                27,
                22
            ],
            [
                32,
                32,
                131,
                207,
                46,
                295,
                107,
                89,
                29,
                32
            ],
            [
                21,
                31,
                133,
                117,
                77,
                58,
                485,
                46,
                13,
                19
            ],
            [
                50,
                27,
                75,
                72,
                64,
                123,
                94,
                403,
                15,
                77
            ],
            [
                157,
                100,
                19,
                38,
                36,
                21,
                15,
                22,
                525,
                67
            ],
            [
                47,
                153,
                26,
                72,
                6,
                43,
                40,
                53,
                79,
                481
            ]
        ]
    },
    "time": [
        14.668240308761597,
        10.115500926971436,
        10.108525037765503,
        10.086853742599487,
        10.259461641311646,
        10.139814853668213,
        10.159516096115112,
        10.10646915435791,
        10.143747329711914,
        10.065685987472534,
        10.164456367492676,
        10.093661308288574,
        10.066548347473145,
        10.128625631332397,
        10.14022421836853,
        10.067436695098877,
        10.035032272338867,
        10.070479154586792,
        10.10271167755127,
        10.035998344421387
    ]
}