{
    "train_loss": [
        2.2753828746795652,
        2.1966077030181883,
        2.1220315158843994,
        2.030677298927307,
        1.9422290132522584,
        1.8783629098892212,
        1.8257469314575194,
        1.7782035705566406,
        1.7378638404846192,
        1.6982281847000122,
        1.6592005334854125,
        1.6209775188446045,
        1.5892679136276244,
        1.5536681608200074,
        1.5173440908432008,
        1.4822279628753663,
        1.453228237915039,
        1.4238919847488403,
        1.386020174217224,
        1.358555908870697
    ],
    "val_loss": [
        2.247966766357422,
        2.164255316090432,
        2.0695558763613366,
        1.9742618396783331,
        1.8988664438770075,
        1.8548438754051355,
        1.8100428831805089,
        1.7747719553625507,
        1.761869122268288,
        1.7437889575958252,
        1.719873792046954,
        1.712391725011692,
        1.705597238176188,
        1.6873891194155262,
        1.687293267553779,
        1.700513252027475,
        1.688952786907269,
        1.6911592119058985,
        1.6989905651967236,
        1.7090050733772812
    ],
    "metrics": {
        "test_accuracy": 0.4023,
        "test_precision": 0.3981245629772449,
        "test_recall": 0.4023,
        "test_fscore": 0.3951302068701127,
        "confusion_matrix": [
            [
                527,
                34,
                54,
                25,
                17,
                7,
                50,
                40,
                188,
                58
            ],
            [
                59,
                436,
                14,
                42,
                5,
                12,
                28,
                67,
                136,
                201
            ],
            [
                102,
                22,
                248,
                93,
                140,
                46,
                154,
                111,
                56,
                28
            ],
            [
                49,
                30,
                82,
                262,
                50,
                131,
                180,
                102,
                57,
                57
            ],
            [
                75,
                19,
                141,
                80,
                309,
                37,
                162,
                113,
                44,
                20
            ],
            [
                28,
                23,
                67,
                232,
                52,
                223,
                142,
                137,
                65,
                31
            ],
            [
                15,
                26,
                103,
                95,
                142,
                75,
                445,
                61,
                23,
                15
            ],
            [
                46,
                32,
                42,
                88,
                71,
                61,
                61,
                479,
                32,
                88
            ],
            [
                125,
                73,
                13,
                31,
                9,
                11,
                15,
                29,
                633,
                61
            ],
            [
                66,
                170,
                7,
                41,
                9,
                16,
                28,
                77,
                125,
                461
            ]
        ]
    },
    "time": [
        241.5249800682068,
        241.9654414653778,
        239.23593544960022,
        239.59728503227234,
        241.78594493865967,
        239.63693070411682,
        243.06136560440063,
        240.30306339263916,
        241.15159225463867,
        240.78596448898315,
        243.13256239891052,
        243.98130989074707,
        243.9615592956543,
        243.06108236312866,
        241.42795062065125,
        240.79527831077576,
        243.4365417957306,
        242.5160574913025,
        240.65608143806458,
        241.4584674835205
    ]
}