{
    "train_loss": [
        1.724224127960205,
        1.5124802993774413,
        1.4384016088485718,
        1.3921330234527587,
        1.3541586265563965,
        1.3250734482765198,
        1.297038565158844,
        1.2750805736541748,
        1.2490431274414062,
        1.2316971618652344,
        1.2087462503433228,
        1.1919166484832764,
        1.1727138976097107,
        1.157219517326355,
        1.1397727645874023,
        1.1250597477912903,
        1.1116661729812622,
        1.0951515043258666,
        1.0822741640090943,
        1.0675803727149964
    ],
    "val_loss": [
        1.5674855959643224,
        1.505202785419051,
        1.5049501293024439,
        1.482431496024891,
        1.453440869689747,
        1.4468073024871244,
        1.4407906205790817,
        1.435526245718549,
        1.4394462009903732,
        1.429854833396377,
        1.4113774064240183,
        1.4271440361715426,
        1.4288778100044104,
        1.4039291629366055,
        1.406019106792037,
        1.4235006130425034,
        1.407209450272238,
        1.4183785672400409,
        1.4122081091449519,
        1.4253966124953739
    ],
    "metrics": {
        "test_accuracy": 0.5012,
        "test_precision": 0.5110504603544648,
        "test_recall": 0.5012,
        "test_fscore": 0.5001009530617759,
        "confusion_matrix": [
            [
                635,
                43,
                48,
                34,
                42,
                22,
                20,
                13,
                111,
                32
            ],
            [
                38,
                659,
                15,
                40,
                15,
                21,
                31,
                20,
                62,
                99
            ],
            [
                94,
                25,
                385,
                89,
                162,
                71,
                105,
                42,
                16,
                11
            ],
            [
                51,
                40,
                79,
                372,
                89,
                170,
                126,
                24,
                23,
                26
            ],
            [
                64,
                20,
                110,
                69,
                476,
                66,
                119,
                48,
                23,
                5
            ],
            [
                34,
                29,
                72,
                231,
                88,
                392,
                84,
                31,
                25,
                14
            ],
            [
                13,
                22,
                52,
                101,
                142,
                47,
                598,
                8,
                14,
                3
            ],
            [
                50,
                46,
                54,
                94,
                104,
                107,
                31,
                454,
                17,
                43
            ],
            [
                132,
                88,
                16,
                32,
                24,
                23,
                11,
                8,
                633,
                33
            ],
            [
                72,
                274,
                16,
                63,
                26,
                27,
                27,
                35,
                52,
                408
            ]
        ]
    }
}