{
    "fit": {
        "0": {
            "loss": [
                1.0,
                0.2392608790455864,
                0.2396535020265565,
                0.2501492162519172,
                0.23218378651365776,
                0.23256136070990602,
                0.23530621883636568,
                0.2542625114870346,
                0.23801563259323158,
                0.2524925924158596
            ],
            "duration": [
                0.6104762554168701,
                0.6116304397583008,
                0.6184086799621582,
                0.6053769588470459,
                0.5888783931732178,
                0.5937399864196777,
                0.585728645324707,
                0.5955944061279297,
                0.594444751739502,
                0.5854337215423584
            ]
        },
        "1": {
            "loss": [
                1.0,
                0.7367931029873762,
                0.6375482024807463,
                0.6463342180939295,
                0.7693970931350116,
                0.7996313981294338,
                0.7461749009366814,
                0.7483079306147987,
                0.6893271476937609,
                0.7995539913823729
            ],
            "duration": [
                0.5786561965942383,
                0.5777533054351807,
                0.5744342803955078,
                0.5675415992736816,
                0.5774338245391846,
                0.5756344795227051,
                0.5694766044616699,
                0.5714731216430664,
                0.5679781436920166,
                0.5685086250305176
            ]
        },
        "2": {
            "loss": [
                1.0,
                0.2472128723845708,
                0.2375889224379558,
                0.2330630885248153,
                0.2330342090007055,
                0.23254499192206393,
                0.27360047609818056,
                0.2339867595674744,
                0.23468640381364186,
                0.24095993372091287
            ],
            "duration": [
                0.5844178199768066,
                0.57846999168396,
                0.5834372043609619,
                0.5766706466674805,
                0.580451250076294,
                0.5805025100708008,
                0.5785624980926514,
                0.5838782787322998,
                0.5724718570709229,
                0.5745105743408203
            ]
        },
        "3": {
            "loss": [
                1.0,
                0.23758391975730764,
                0.2492831072405246,
                0.2411114791557669,
                0.29364766353335453,
                0.3014389570979525,
                0.2735101931574836,
                0.2710404088776643,
                0.24823708833576608,
                0.2463730055356426
            ],
            "duration": [
                0.5943853855133057,
                0.5894484519958496,
                0.5908825397491455,
                0.592442512512207,
                0.588425874710083,
                0.5804188251495361,
                0.5865795612335205,
                0.5844640731811523,
                0.5854334831237793,
                0.5894238948822021
            ]
        },
        "4": {
            "loss": [
                1.0,
                0.23831913242813657,
                0.27810832861356827,
                0.27077151511579967,
                0.29491190713417337,
                0.2594761315033659,
                0.2948920869023506,
                0.2530569145842191,
                0.26497758094704776,
                0.29877702424708025
            ],
            "duration": [
                0.5934107303619385,
                0.601560115814209,
                0.5906040668487549,
                0.5973727703094482,
                0.5978639125823975,
                0.587456464767456,
                0.600365161895752,
                0.5946393013000488,
                0.5963757038116455,
                0.5946149826049805
            ]
        },
        "5": {
            "loss": [
                1.0,
                0.26998945345349645,
                0.29774284067236706,
                0.30059604507499266,
                0.30707574571171786,
                0.32103281849394577,
                0.29587878651283606,
                0.2921376879687033,
                0.26306956719635083,
                0.30843240974607083
            ],
            "duration": [
                0.5876157283782959,
                0.5734658241271973,
                0.5754616260528564,
                0.5884454250335693,
                0.567509651184082,
                0.5704734325408936,
                0.5814449787139893,
                0.5754311084747314,
                0.5848028659820557,
                0.5794494152069092
            ]
        },
        "6": {
            "loss": [
                1.0,
                0.24978724899341512,
                0.22948449987329114,
                0.2539568766437967,
                0.24078977614180916,
                0.23904606151425298,
                0.23793640800037413,
                0.23208435047665596,
                0.2575590757051921,
                0.236763165813055
            ],
            "duration": [
                0.5884578227996826,
                0.5810093879699707,
                0.5865750312805176,
                0.585460901260376,
                0.5876212120056152,
                0.5893900394439697,
                0.5774831771850586,
                0.5834102630615234,
                0.5727171897888184,
                0.5894515514373779
            ]
        },
        "7": {
            "loss": [
                1.0,
                0.26510237642264806,
                0.2613630189059254,
                0.2552667496218399,
                0.27938150742878504,
                0.26601738489123194,
                0.30109235512128535,
                0.2609023255076199,
                0.331563817587936,
                0.2981411533155503
            ],
            "duration": [
                0.5769143104553223,
                0.573674201965332,
                0.5726611614227295,
                0.57362961769104,
                0.5724992752075195,
                0.5704712867736816,
                0.5724670886993408,
                0.5726187229156494,
                0.569504976272583,
                0.5717196464538574
            ]
        },
        "8": {
            "loss": [
                1.0,
                0.3744461965158261,
                0.35948452792373037,
                0.3512326169898694,
                0.37130494928804425,
                0.38921708976204317,
                0.375176121773327,
                0.34759029031831556,
                0.3347408323342939,
                0.3747626767855485
            ],
            "duration": [
                0.5884273052215576,
                0.5875577926635742,
                0.5894176959991455,
                0.5854408740997314,
                0.5745220184326172,
                0.583601713180542,
                0.5834674835205078,
                0.5797085762023926,
                0.5692040920257568,
                0.5726149082183838
            ]
        },
        "9": {
            "loss": [
                1.0,
                0.3079303116133145,
                0.30959152498961817,
                0.26406684783770057,
                0.2679244813701227,
                0.2859464783883697,
                0.28084496993549,
                0.2703052662033737,
                0.2809006922828088,
                0.26649459660329616
            ],