{
    "fit": {
        "0": {
            "loss": [
                1.0,
                0.23548375505365005,
                0.2269299993939941,
                0.21966615418450763,
                0.21543046356408338,
                0.20839318526751804,
                0.20810117189715732,
                0.20735501882923613,
                0.20510786403645886,
                0.20453928933004772
            ],
            "duration": [
                0.6133623123168945,
                0.65228271484375,
                0.6009111404418945,
                0.59438157081604,
                0.5875263214111328,
                0.5835022926330566,
                0.5915613174438477,
                0.5853626728057861,
                0.5885910987854004,
                0.6412551403045654
            ]
        },
        "1": {
            "loss": [
                1.0,
                0.27747522618142434,
                0.2584910805669718,
                0.2532467485319863,
                0.2536751517350021,
                0.23569084303524568,
                0.24211765499755153,
                0.22872503822071039,
                0.23585671605145886,
                0.2325642484432758
            ],
            "duration": [
                0.6712913513183594,
                0.6073770523071289,
                0.6387274265289307,
                0.6342751979827881,
                0.6352992057800293,
                0.6564638614654541,
                0.6402807235717773,
                0.6672492027282715,
                0.6483092308044434,
                0.6573436260223389
            ]
        },
        "2": {
            "loss": [
                1.0,
                0.2341775137998873,
                0.2289399283611723,
                0.21907029330759203,
                0.21337108427879156,
                0.20925079242035222,
                0.20782136560194145,
                0.20651421227009556,
                0.20568067121870556,
                0.20391621501719268
            ],
            "duration": [
                0.6503427028656006,
                0.6442720890045166,
                0.6362690925598145,
                0.5924437046051025,
                0.578423023223877,
                0.5884535312652588,
                0.5838851928710938,
                0.5865464210510254,
                0.643308162689209,
                0.5684788227081299
            ]
        },
        "3": {
            "loss": [
                1.0,
                0.23277789291545284,
                0.22532577197754997,
                0.21934796895756128,
                0.21330248389459647,
                0.20888632869495277,
                0.20609199150630897,
                0.20523847348554286,
                0.20497313862749586,
                0.21038189431389642
            ],
            "duration": [
                0.6465725898742676,
                0.6453671455383301,
                0.6476030349731445,
                0.6434142589569092,
                0.6014080047607422,
                0.633399248123169,
                0.6387786865234375,
                0.6423084735870361,
                0.5944104194641113,
                0.6003932952880859
            ]
        },
        "4": {
            "loss": [
                1.0,
                0.2320940285295991,
                0.2262302716524849,
                0.21847597703415286,
                0.21403370538167107,
                0.20952468547886777,
                0.20631315138599668,
                0.20462537496532493,
                0.21037845194640664,
                0.20942034301366722
            ],
            "duration": [
                0.6365296840667725,
                0.5943758487701416,
                0.634770393371582,
                0.6663520336151123,
                0.5999488830566406,
                0.6013925075531006,
                0.6286523342132568,
                0.623417854309082,
                0.6692409515380859,
                0.6522531509399414
            ]
        },
        "5": {
            "loss": [
                1.0,
                0.2365711459140796,
                0.2267448088068216,
                0.21820953350940986,
                0.21113847943098676,
                0.20783020808447433,
                0.20504600500863956,
                0.21072723960466905,
                0.21165830869266186,
                0.2089169137110878
            ],
            "duration": [
                0.6123621463775635,
                0.6534557342529297,
                0.6393530368804932,
                0.6345293521881104,
                0.6363842487335205,
                0.6434102058410645,
                0.6412546634674072,
                0.642453670501709,
                0.6384360790252686,
                0.620431661605835
            ]
        },
        "6": {
            "loss": [
                1.0,
                0.22655842283410224,
                0.22111895690511663,
                0.21733169584628445,
                0.2127205867967434,
                0.2101579697409073,
                0.20834666068427576,
                0.20652091542160908,
                0.2055844017851981,
                0.20439142177564099
            ],
            "duration": [
                0.7060658931732178,
                0.67319655418396,
                0.6303131580352783,
                0.6404016017913818,
                0.6633834838867188,
                0.5884249210357666,
                0.6342740058898926,
                0.5967223644256592,
                0.6045212745666504,
                0.6640973091125488
            ]
        },
        "7": {
            "loss": [
                1.0,
                0.22891246108158148,
                0.22182745796793987,
                0.21743729983698476,
                0.2134654354612057,
                0.21164701932018634,
                0.20808487840989473,
                0.20869300157765608,
                0.20679376243512562,
                0.20803818398358379
            ],
            "duration": [
                0.6273496150970459,
                0.6183428764343262,
                0.6203422546386719,
                0.7360982894897461,
                0.7737762928009033,
                0.6105320453643799,
                0.6063766479492188,
                0.5983707904815674,
                0.6081876754760742,
                0.6023845672607422
            ]
        },
        "8": {
            "loss": [
                1.0,
                0.23320402051218686,
                0.22648827931813761,
                0.21994490645109754,
                0.21581057831098707,
                0.21674394934979596,
                0.21614409254200506,
                0.21719172023900932,
                0.21312152718599103,
                0.2155180462851353
            ],
            "duration": [
                0.6244103908538818,
                0.6204404830932617,
                0.6234006881713867,
                0.6273214817047119,
                0.6282906532287598,
                0.6085031032562256,
                0.606377124786377,
                0.6093697547912598,
                0.6074044704437256,
                0.6197905540466309
            ]
        },
        "9": {
            "loss": [
                1.0,
                0.22851917571369115,
                0.22465816236831254,
                0.2206961450700485,
                0.2153250946142041,
                0.21413648284091868,
                0.212491141463503,
                0.21248148452487295,
                0.21007045368053262,
                0.20972783229852196
            ],