{
    "accuracy": 0.3756,
    "precision": 0.36774223340370793,
    "recall": 0.3756,
    "f1_score": 0.3688601583496715,
    "confusion_matrix": [
        [
            452,
            57,
            36,
            26,
            27,
            29,
            25,
            53,
            209,
            86
        ],
        [
            68,
            453,
            26,
            36,
            22,
            35,
            46,
            54,
            85,
            175
        ],
        [
            111,
            48,
            227,
            78,
            111,
            85,
            150,
            86,
            64,
            40
        ],
        [
            56,
            72,
            93,
            187,
            58,
            188,
            172,
            55,
            50,
            69
        ],
        [
            57,
            36,
            118,
            58,
            274,
            97,
            174,
            117,
            33,
            36
        ],
        [
            53,
            60,
            89,
            141,
            70,
            303,
            109,
            80,
            50,
            45
        ],
        [
            22,
            60,
            79,
            103,
            87,
            72,
            462,
            46,
            26,
            43
        ],
        [
            50,
            56,
            57,
            48,
            79,
            85,
            56,
            427,
            58,
            84
        ],
        [
            136,
            88,
            17,
            30,
            13,
            38,
            13,
            23,
            531,
            111
        ],
        [
            70,
            174,
            20,
            27,
            28,
            25,
            46,
            71,
            99,
            440
        ]
    ]
}