{
    "accuracy": 0.375,
    "precision": 0.37692178444262536,
    "recall": 0.375,
    "f1_score": 0.3748143680279179,
    "confusion_matrix": [
        [
            480,
            40,
            75,
            41,
            28,
            34,
            23,
            43,
            169,
            67
        ],
        [
            82,
            431,
            45,
            48,
            27,
            46,
            37,
            37,
            67,
            180
        ],
        [
            103,
            48,
            306,
            99,
            107,
            89,
            104,
            78,
            40,
            26
        ],
        [
            58,
            67,
            130,
            257,
            71,
            177,
            127,
            42,
            34,
            37
        ],
        [
            59,
            35,
            175,
            88,
            274,
            96,
            135,
            97,
            24,
            17
        ],
        [
            56,
            52,
            129,
            194,
            98,
            291,
            63,
            59,
            34,
            24
        ],
        [
            31,
            38,
            103,
            137,
            113,
            91,
            431,
            31,
            10,
            15
        ],
        [
            73,
            62,
            102,
            80,
            114,
            87,
            34,
            372,
            23,
            53
        ],
        [
            174,
            74,
            36,
            36,
            18,
            42,
            13,
            15,
            509,
            83
        ],
        [
            102,
            209,
            26,
            33,
            26,
            25,
            44,
            59,
            77,
            399
        ]
    ]
}