{
    "accuracy": 0.5246,
    "precision": 0.5294291767392789,
    "recall": 0.5246,
    "f1_score": 0.5255465664816562,
    "confusion_matrix": [
        [
            619,
            30,
            78,
            23,
            38,
            21,
            23,
            21,
            104,
            43
        ],
        [
            46,
            629,
            24,
            25,
            16,
            19,
            23,
            21,
            59,
            138
        ],
        [
            80,
            15,
            430,
            81,
            137,
            68,
            107,
            53,
            16,
            13
        ],
        [
            27,
            33,
            115,
            380,
            81,
            154,
            115,
            40,
            25,
            30
        ],
        [
            40,
            10,
            152,
            56,
            501,
            47,
            113,
            48,
            21,
            12
        ],
        [
            27,
            13,
            90,
            230,
            93,
            385,
            68,
            60,
            14,
            20
        ],
        [
            19,
            15,
            88,
            111,
            98,
            44,
            588,
            18,
            9,
            10
        ],
        [
            46,
            23,
            74,
            85,
            91,
            75,
            28,
            530,
            15,
            33
        ],
        [
            111,
            61,
            24,
            41,
            31,
            12,
            12,
            12,
            652,
            44
        ],
        [
            64,
            172,
            19,
            40,
            28,
            19,
            28,
            42,
            56,
            532
        ]
    ]
}