{
    "accuracy": 0.0828,
    "precision": 0.03691443531207089,
    "recall": 0.0828,
    "f1_score": 0.037197137469872764,
    "confusion_matrix": [
        [
            3,
            1,
            0,
            0,
            0,
            197,
            749,
            2,
            48,
            0
        ],
        [
            2,
            0,
            0,
            0,
            0,
            499,
            405,
            0,
            94,
            0
        ],
        [
            4,
            0,
            0,
            0,
            0,
            457,
            487,
            0,
            52,
            0
        ],
        [
            1,
            0,
            0,
            0,
            0,
            497,
            435,
            1,
            66,
            0
        ],
        [
            4,
            0,
            0,
            0,
            0,
            547,
            383,
            0,
            66,
            0
        ],
        [
            0,
            0,
            0,
            1,
            0,
            410,
            514,
            0,
            75,
            0
        ],
        [
            0,
            0,
            0,
            0,
            2,
            605,
            328,
            0,
            65,
            0
        ],
        [
            0,
            0,
            0,
            0,
            1,
            425,
            489,
            0,
            85,
            0
        ],
        [
            16,
            0,
            0,
            0,
            1,
            254,
            642,
            0,
            87,
            0
        ],
        [
            4,
            0,
            0,
            0,
            0,
            380,
            521,
            0,
            95,
            0
        ]
    ]
}