{
    "accuracy": 0.5437,
    "precision": 0.5425592446958152,
    "recall": 0.5437,
    "f1_score": 0.5421178002126918,
    "confusion_matrix": [
        [
            623,
            23,
            57,
            17,
            21,
            15,
            20,
            28,
            143,
            53
        ],
        [
            32,
            647,
            21,
            42,
            6,
            17,
            16,
            20,
            49,
            150
        ],
        [
            85,
            24,
            407,
            89,
            133,
            62,
            112,
            50,
            23,
            15
        ],
        [
            32,
            30,
            91,
            386,
            55,
            167,
            121,
            42,
            25,
            51
        ],
        [
            47,
            14,
            161,
            68,
            435,
            44,
            125,
            68,
            22,
            16
        ],
        [
            22,
            14,
            87,
            197,
            71,
            431,
            84,
            49,
            21,
            24
        ],
        [
            11,
            18,
            64,
            84,
            95,
            46,
            641,
            14,
            13,
            14
        ],
        [
            36,
            22,
            50,
            76,
            74,
            67,
            34,
            567,
            16,
            58
        ],
        [
            83,
            66,
            16,
            22,
            20,
            19,
            15,
            18,
            688,
            53
        ],
        [
            44,
            151,
            11,
            40,
            10,
            14,
            28,
            38,
            52,
            612
        ]
    ]
}