{
    "accuracy": 0.07,
    "precision": 0.0581124871001032,
    "recall": 0.07,
    "f1_score": 0.05616402116402115,
    "confusion_matrix": [
        [
            0,
            2,
            1,
            2,
            0,
            1,
            3,
            0,
            1,
            1
        ],
        [
            1,
            0,
            2,
            4,
            0,
            2,
            1,
            0,
            0,
            2
        ],
        [
            1,
            2,
            1,
            3,
            0,
            3,
            2,
            1,
            0,
            0
        ],
        [
            0,
            0,
            1,
            1,
            1,
            1,
            2,
            0,
            1,
            1
        ],
        [
            0,
            2,
            1,
            4,
            0,
            0,
            2,
            0,
            0,
            0
        ],
        [
            0,
            2,
            3,
            0,
            0,
            2,
            1,
            0,
            0,
            1
        ],
        [
            1,
            0,
            1,
            1,
            0,
            0,
            2,
            0,
            1,
            1
        ],
        [
            0,
            2,
            0,
            3,
            0,
            2,
            1,
            1,
            0,
            1
        ],
        [
            0,
            1,
            3,
            0,
            1,
            1,
            3,
            2,
            0,
            4
        ],
        [
            0,
            0,
            2,
            1,
            0,
            3,
            0,
            0,
            0,
            0
        ]
    ]
}